{"cameraMode":{"drawMode":0,"name":"Shaded","section":"Shading Mode"},"sceneLighting":false,"audioPlay":false,"sceneViewState":{"showFog":false,"showMaterialUpdate":false,"showSkybox":false,"showFlares":false,"showImageEffects":false,"showParticleSystems":false},"in2DMode":false,"pivot":{"x":-0.028403282165527345,"y":-0.5959991216659546,"z":-0.2713623046875},"rotation":{"x":0.2308235615491867,"y":-0.34247782826423647,"z":0.08721888810396195,"w":0.9066203236579895},"size":5.830358028411865,"orthographic":false}