{"cameraMode":{"drawMode":0,"name":"Shaded","section":"Shading Mode"},"sceneLighting":true,"audioPlay":false,"sceneViewState":{"showFog":false,"showMaterialUpdate":false,"showSkybox":false,"showFlares":false,"showImageEffects":false,"showParticleSystems":false},"in2DMode":false,"pivot":{"x":-1.4910613298416138,"y":11.681265830993653,"z":2.579097032546997},"rotation":{"x":0.25665339827537539,"y":-0.13541676104068757,"z":0.036567870527505878,"w":0.9563893675804138},"size":11.486176490783692,"orthographic":false}