{"cameraMode":{"drawMode":0,"name":"Shaded","section":"Shading Mode"},"sceneLighting":true,"audioPlay":false,"sceneViewState":{"showFog":false,"showMaterialUpdate":false,"showSkybox":false,"showFlares":false,"showImageEffects":false,"showParticleSystems":false},"in2DMode":false,"pivot":{"x":-0.8200249671936035,"y":19.668392181396486,"z":-4.011741638183594},"rotation":{"x":-0.00011500113032525405,"y":0.9999997615814209,"z":-0.0003302839759271592,"w":-0.0006085430504754186},"size":32.99104690551758,"orthographic":true}