{"cameraMode":{"drawMode":0,"name":"Shaded","section":"Shading Mode"},"sceneLighting":false,"audioPlay":false,"sceneViewState":{"showFog":false,"showMaterialUpdate":false,"showSkybox":false,"showFlares":false,"showImageEffects":false,"showParticleSystems":false},"in2DMode":false,"pivot":{"x":0.35868072509765627,"y":4.274894714355469,"z":0.552133321762085},"rotation":{"x":0.13428610563278199,"y":0.7680689692497253,"z":-0.17119038105010987,"w":0.6024259924888611},"size":5.241933822631836,"orthographic":false}