{"cameraMode":{"drawMode":0,"name":"Shaded","section":"Shading Mode"},"sceneLighting":false,"audioPlay":false,"sceneViewState":{"showFog":false,"showMaterialUpdate":false,"showSkybox":false,"showFlares":false,"showImageEffects":false,"showParticleSystems":false},"in2DMode":false,"pivot":{"x":-1.04966402053833,"y":0.4648442268371582,"z":3.1138124465942385},"rotation":{"x":0.35663771629333498,"y":0.43335890769958498,"z":-0.1919746845960617,"w":0.805095374584198},"size":9.78526496887207,"orthographic":false}