{"cameraMode":{"drawMode":0,"name":"Shaded","section":"Shading Mode"},"sceneLighting":true,"audioPlay":false,"sceneViewState":{"showFog":true,"showMaterialUpdate":true,"showSkybox":true,"showFlares":true,"showImageEffects":true,"showParticleSystems":true},"in2DMode":false,"pivot":{"x":132.1068115234375,"y":148.4442901611328,"z":81.27914428710938},"rotation":{"x":-0.17596574127674104,"y":-0.1942577213048935,"z":0.03477616235613823,"w":-0.9646116495132446},"size":374.1780090332031,"orthographic":false}