{"cameraMode":{"drawMode":0,"name":"Shaded","section":"Shading Mode"},"sceneLighting":false,"audioPlay":false,"sceneViewState":{"showFog":false,"showMaterialUpdate":false,"showSkybox":false,"showFlares":false,"showImageEffects":false,"showParticleSystems":false},"in2DMode":false,"pivot":{"x":2.183225631713867,"y":4.856992721557617,"z":-0.2841148376464844},"rotation":{"x":-0.14957678318023683,"y":0.5192185044288635,"z":-0.09290102124214173,"w":-0.8363226652145386},"size":19.831527709960939,"orthographic":false}