{"cameraMode":{"drawMode":0,"name":"Shaded","section":"Shading Mode"},"sceneLighting":true,"audioPlay":false,"sceneViewState":{"showFog":true,"showMaterialUpdate":true,"showSkybox":true,"showFlares":true,"showImageEffects":true,"showParticleSystems":true},"in2DMode":false,"pivot":{"x":-22.243946075439454,"y":-8.219829559326172,"z":9.15034008026123},"rotation":{"x":-0.2641255855560303,"y":-0.447788804769516,"z":0.13957703113555909,"w":-0.8429853320121765},"size":86.81220245361328,"orthographic":false}