{"cameraMode":{"drawMode":0,"name":"Shaded","section":"Shading Mode"},"sceneLighting":false,"audioPlay":false,"sceneViewState":{"showFog":false,"showMaterialUpdate":false,"showSkybox":false,"showFlares":false,"showImageEffects":false,"showParticleSystems":false},"in2DMode":false,"pivot":{"x":-10.053027153015137,"y":10.602334976196289,"z":53.63368225097656},"rotation":{"x":-0.171956866979599,"y":0.003545129671692848,"z":-0.0006125872605480254,"w":-0.9851438403129578},"size":341.6445007324219,"orthographic":false}