{"cameraMode":{"drawMode":0,"name":"Shaded","section":"Shading Mode"},"sceneLighting":false,"audioPlay":false,"sceneViewState":{"showFog":false,"showMaterialUpdate":false,"showSkybox":false,"showFlares":false,"showImageEffects":false,"showParticleSystems":false},"in2DMode":false,"pivot":{"x":8.535313606262207,"y":-8.185693740844727,"z":9.71171760559082},"rotation":{"x":0.2660486698150635,"y":0.24834485352039338,"z":-0.0711449682712555,"w":0.9287078976631165},"size":39.88722610473633,"orthographic":false}