{"cameraMode":{"drawMode":0,"name":"Shaded","section":"Shading Mode"},"sceneLighting":true,"audioPlay":false,"sceneViewState":{"showFog":false,"showMaterialUpdate":false,"showSkybox":false,"showFlares":false,"showImageEffects":false,"showParticleSystems":false},"in2DMode":false,"pivot":{"x":4.275620460510254,"y":37.81716537475586,"z":1.7424659729003907},"rotation":{"x":-0.14390088617801667,"y":-0.5872647762298584,"z":0.10705599933862686,"w":-0.7894250154495239},"size":19.98618507385254,"orthographic":false}