{"cameraMode":{"drawMode":0,"name":"Shaded","section":"Shading Mode"},"sceneLighting":false,"audioPlay":false,"sceneViewState":{"showFog":false,"showMaterialUpdate":false,"showSkybox":false,"showFlares":false,"showImageEffects":false,"showParticleSystems":false},"in2DMode":false,"pivot":{"x":2.013479232788086,"y":-0.027142763137817384,"z":1.1957459449768067},"rotation":{"x":0.17947010695934297,"y":0.4014052152633667,"z":-0.08053574711084366,"w":0.8945428133010864},"size":7.150842189788818,"orthographic":false}