{"cameraMode":{"drawMode":0,"name":"Shaded","section":"Shading Mode"},"sceneLighting":false,"audioPlay":false,"sceneViewState":{"showFog":false,"showMaterialUpdate":false,"showSkybox":false,"showFlares":false,"showImageEffects":false,"showParticleSystems":false},"in2DMode":false,"pivot":{"x":3.0688443183898927,"y":22.50609588623047,"z":-2.413280487060547},"rotation":{"x":0.00005084051736048423,"y":0.9807592630386353,"z":-0.00030479664565064013,"w":0.1952248513698578},"size":23.71185302734375,"orthographic":false}