{"cameraMode":{"drawMode":0,"name":"Shaded","section":"Shading Mode"},"sceneLighting":false,"audioPlay":false,"sceneViewState":{"showFog":false,"showMaterialUpdate":false,"showSkybox":false,"showFlares":false,"showImageEffects":false,"showParticleSystems":false},"in2DMode":false,"pivot":{"x":1.969829797744751,"y":10.02711296081543,"z":-0.777672529220581},"rotation":{"x":-0.24043351411819459,"y":0.06168965995311737,"z":-0.015305760316550732,"w":-0.9686018228530884},"size":1.9126641750335694,"orthographic":false}