{"cameraMode":{"drawMode":0,"name":"Shaded","section":"Shading Mode"},"sceneLighting":false,"audioPlay":false,"sceneViewState":{"showFog":false,"showMaterialUpdate":false,"showSkybox":false,"showFlares":false,"showImageEffects":false,"showParticleSystems":false},"in2DMode":false,"pivot":{"x":1.038055419921875,"y":16.553085327148439,"z":-3.2510929107666017},"rotation":{"x":0.02881552092730999,"y":0.9687843322753906,"z":-0.20528455078601838,"w":0.13601751625537873},"size":23.411663055419923,"orthographic":false}