{"cameraMode":{"drawMode":0,"name":"Shaded","section":"Shading Mode"},"sceneLighting":false,"audioPlay":false,"sceneViewState":{"showFog":false,"showMaterialUpdate":false,"showSkybox":false,"showFlares":false,"showImageEffects":false,"showParticleSystems":false},"in2DMode":false,"pivot":{"x":-10.053027153015137,"y":10.602334976196289,"z":53.63368225097656},"rotation":{"x":-0.35943734645843508,"y":0.16447678208351136,"z":-0.06450434774160385,"w":-0.916340172290802},"size":133.32972717285157,"orthographic":false}