{"cameraMode":{"drawMode":0,"name":"Shaded","section":"Shading Mode"},"sceneLighting":false,"audioPlay":false,"sceneViewState":{"showFog":false,"showMaterialUpdate":false,"showSkybox":false,"showFlares":false,"showImageEffects":false,"showParticleSystems":false},"in2DMode":false,"pivot":{"x":0.019184112548828126,"y":2.7982845306396486,"z":0.24690842628479005},"rotation":{"x":-0.1093524694442749,"y":-0.8225812911987305,"z":0.1691528558731079,"w":-0.5317795872688294},"size":9.471489906311036,"orthographic":false}