{"cameraMode":{"drawMode":0,"name":"Shaded","section":"Shading Mode"},"sceneLighting":false,"audioPlay":false,"sceneViewState":{"showFog":false,"showMaterialUpdate":false,"showSkybox":false,"showFlares":false,"showImageEffects":false,"showParticleSystems":false},"in2DMode":false,"pivot":{"x":0.0,"y":5.674513816833496,"z":0.054847002029418948},"rotation":{"x":-0.3421190679073334,"y":-0.3652094900608063,"z":0.14642325043678285,"w":-0.8533093333244324},"size":10.127602577209473,"orthographic":false}