{"cameraMode":{"drawMode":0,"name":"Shaded","section":"Shading Mode"},"sceneLighting":false,"audioPlay":false,"sceneViewState":{"showFog":false,"showMaterialUpdate":false,"showSkybox":false,"showFlares":false,"showImageEffects":false,"showParticleSystems":false},"in2DMode":false,"pivot":{"x":10.33203125,"y":29.899747848510743,"z":-1.7277530431747437},"rotation":{"x":0.04848500341176987,"y":0.6764217019081116,"z":-0.04470884054899216,"w":0.7335568070411682},"size":34.65019226074219,"orthographic":false}