{"cameraMode":{"drawMode":0,"name":"Shaded","section":"Shading Mode"},"sceneLighting":true,"audioPlay":false,"sceneViewState":{"showFog":false,"showMaterialUpdate":false,"showSkybox":false,"showFlares":false,"showImageEffects":false,"showParticleSystems":false},"in2DMode":false,"pivot":{"x":-0.8200249671936035,"y":19.668392181396486,"z":-4.011741638183594},"rotation":{"x":-0.05485798045992851,"y":0.9285068511962891,"z":-0.1520235538482666,"w":-0.3342984616756439},"size":32.99104690551758,"orthographic":false}