{"cameraMode":{"drawMode":0,"name":"Shaded","section":"Shading Mode"},"sceneLighting":false,"audioPlay":false,"sceneViewState":{"showFog":false,"showMaterialUpdate":false,"showSkybox":false,"showFlares":false,"showImageEffects":false,"showParticleSystems":false},"in2DMode":false,"pivot":{"x":-2.2716355323791506,"y":20.24698257446289,"z":8.911144256591797},"rotation":{"x":-0.24683475494384767,"y":-0.10210912674665451,"z":0.02611531876027584,"w":-0.9634132385253906},"size":39.24263000488281,"orthographic":false}