{"cameraMode":{"drawMode":0,"name":"Shaded","section":"Shading Mode"},"sceneLighting":false,"audioPlay":false,"sceneViewState":{"showFog":false,"showMaterialUpdate":false,"showSkybox":false,"showFlares":false,"showImageEffects":false,"showParticleSystems":false},"in2DMode":false,"pivot":{"x":1.116199016571045,"y":31.87256622314453,"z":0.6102237701416016},"rotation":{"x":-0.0622921846807003,"y":-0.8676682710647583,"z":0.11255574971437454,"w":-0.48022544384002688},"size":16.046863555908204,"orthographic":false}