{"cameraMode":{"drawMode":0,"name":"Shaded","section":"Shading Mode"},"sceneLighting":false,"audioPlay":false,"sceneViewState":{"showFog":false,"showMaterialUpdate":false,"showSkybox":false,"showFlares":false,"showImageEffects":false,"showParticleSystems":false},"in2DMode":false,"pivot":{"x":4.86628532409668,"y":18.690553665161134,"z":2.979889392852783},"rotation":{"x":-0.13237731158733369,"y":-0.566274106502533,"z":0.09271236509084702,"w":-0.8083440065383911},"size":28.889564514160158,"orthographic":false}