{"cameraMode":{"drawMode":0,"name":"Shaded","section":"Shading Mode"},"sceneLighting":true,"audioPlay":false,"sceneViewState":{"showFog":false,"showMaterialUpdate":false,"showSkybox":false,"showFlares":false,"showImageEffects":false,"showParticleSystems":false},"in2DMode":false,"pivot":{"x":1267.878662109375,"y":619.520751953125,"z":-273.19232177734377},"rotation":{"x":-0.04640572518110275,"y":-0.057800326496362689,"z":0.002688548993319273,"w":-0.9972578883171082},"size":38.376487731933597,"orthographic":false}