{"cameraMode":{"drawMode":0,"name":"Shaded","section":"Shading Mode"},"sceneLighting":false,"audioPlay":false,"sceneViewState":{"showFog":false,"showMaterialUpdate":false,"showSkybox":false,"showFlares":false,"showImageEffects":false,"showParticleSystems":false},"in2DMode":false,"pivot":{"x":-2.201141834259033,"y":0.12000203132629395,"z":2.664036273956299},"rotation":{"x":-0.04333614557981491,"y":0.940007746219635,"z":-0.13055917620658875,"w":-0.31223416328430178},"size":17.814918518066408,"orthographic":false}