{"cameraMode":{"drawMode":0,"name":"Shaded","section":"Shading Mode"},"sceneLighting":false,"audioPlay":false,"sceneViewState":{"showFog":false,"showMaterialUpdate":false,"showSkybox":false,"showFlares":false,"showImageEffects":false,"showParticleSystems":false},"in2DMode":false,"pivot":{"x":-0.40624570846557619,"y":7.548923492431641,"z":0.6951742172241211},"rotation":{"x":-0.21581660211086274,"y":-0.3119523823261261,"z":0.07295723259449005,"w":-0.9224919676780701},"size":10.714703559875489,"orthographic":false}