{"cameraMode":{"drawMode":0,"name":"Shaded","section":"Shading Mode"},"sceneLighting":false,"audioPlay":false,"sceneViewState":{"showFog":false,"showMaterialUpdate":false,"showSkybox":false,"showFlares":false,"showImageEffects":false,"showParticleSystems":false},"in2DMode":false,"pivot":{"x":-1.9766154289245606,"y":-1.6588560342788697,"z":0.22782611846923829},"rotation":{"x":-0.2178795486688614,"y":0.319989949464798,"z":-0.07587233930826187,"w":-0.9189006090164185},"size":5.133273601531982,"orthographic":false}