{"cameraMode":{"drawMode":0,"name":"Shaded","section":"Shading Mode"},"sceneLighting":false,"audioPlay":false,"sceneViewState":{"showFog":false,"showMaterialUpdate":false,"showSkybox":false,"showFlares":false,"showImageEffects":false,"showParticleSystems":false},"in2DMode":false,"pivot":{"x":-0.028403282165527345,"y":-0.5959991216659546,"z":-0.2713623046875},"rotation":{"x":0.16120293736457826,"y":-0.415772408246994,"z":0.07517489790916443,"w":0.8919783234596252},"size":9.732062339782715,"orthographic":false}