{"cameraMode":{"drawMode":0,"name":"Shaded","section":"Shading Mode"},"sceneLighting":false,"audioPlay":false,"sceneViewState":{"showFog":false,"showMaterialUpdate":false,"showSkybox":false,"showFlares":false,"showImageEffects":false,"showParticleSystems":false},"in2DMode":false,"pivot":{"x":0.9191699028015137,"y":-0.7568098306655884,"z":1.9665415287017823},"rotation":{"x":0.17947010695934297,"y":0.4014052152633667,"z":-0.08053574711084366,"w":0.8945428133010864},"size":4.421745777130127,"orthographic":false}