{"cameraMode":{"drawMode":0,"name":"Shaded","section":"Shading Mode"},"sceneLighting":true,"audioPlay":false,"sceneViewState":{"showFog":false,"showMaterialUpdate":false,"showSkybox":false,"showFlares":false,"showImageEffects":false,"showParticleSystems":false},"in2DMode":false,"pivot":{"x":1.3414738178253174,"y":27.685848236083986,"z":2.73828125},"rotation":{"x":-0.0691574215888977,"y":0.8807054758071899,"z":-0.13580934703350068,"w":-0.4484768211841583},"size":27.200712203979493,"orthographic":false}