{"cameraMode":{"drawMode":0,"name":"Shaded","section":"Shading Mode"},"sceneLighting":true,"audioPlay":false,"sceneViewState":{"showFog":false,"showMaterialUpdate":false,"showSkybox":false,"showFlares":false,"showImageEffects":false,"showParticleSystems":false},"in2DMode":false,"pivot":{"x":-1.2554244995117188,"y":21.297998428344728,"z":3.359375},"rotation":{"x":0.028917310759425165,"y":0.9674294590950012,"z":-0.2153204381465912,"w":0.12992453575134278},"size":27.864595413208009,"orthographic":false}