{"cameraMode":{"drawMode":0,"name":"Shaded","section":"Shading Mode"},"sceneLighting":true,"audioPlay":false,"sceneViewState":{"showFog":false,"showMaterialUpdate":false,"showSkybox":false,"showFlares":false,"showImageEffects":false,"showParticleSystems":false},"in2DMode":false,"pivot":{"x":1.53172767162323,"y":7.2112717628479,"z":7.251607894897461},"rotation":{"x":0.22388970851898194,"y":-0.7506288290023804,"z":0.3127923607826233,"w":0.5373566150665283},"size":62.291351318359378,"orthographic":false}