{"cameraMode":{"drawMode":0,"name":"Shaded","section":"Shading Mode"},"sceneLighting":false,"audioPlay":false,"sceneViewState":{"showFog":false,"showMaterialUpdate":false,"showSkybox":false,"showFlares":false,"showImageEffects":false,"showParticleSystems":false},"in2DMode":false,"pivot":{"x":0.0030329227447509767,"y":-0.32810020446777346,"z":0.25744009017944338},"rotation":{"x":-0.29557424783706667,"y":0.1653963178396225,"z":-0.05212133005261421,"w":-0.9395292401313782},"size":11.603007316589356,"orthographic":false}