{"cameraMode":{"drawMode":0,"name":"Shaded","section":"Shading Mode"},"sceneLighting":false,"audioPlay":false,"sceneViewState":{"showFog":false,"showMaterialUpdate":false,"showSkybox":false,"showFlares":false,"showImageEffects":false,"showParticleSystems":false},"in2DMode":false,"pivot":{"x":1.3327701091766358,"y":27.93958282470703,"z":3.234375},"rotation":{"x":-0.08087729662656784,"y":-0.843459963798523,"z":0.13265776634216309,"w":-0.5142334699630737},"size":21.658479690551759,"orthographic":false}