{"cameraMode":{"drawMode":0,"name":"Shaded","section":"Shading Mode"},"sceneLighting":false,"audioPlay":false,"sceneViewState":{"showFog":false,"showMaterialUpdate":false,"showSkybox":false,"showFlares":false,"showImageEffects":false,"showParticleSystems":false},"in2DMode":false,"pivot":{"x":1.038055419921875,"y":16.553085327148439,"z":-3.2510929107666017},"rotation":{"x":0.1976909637451172,"y":0.7586216926574707,"z":-0.26776808500289919,"w":0.5601127743721008},"size":23.411663055419923,"orthographic":false}