{"cameraMode":{"drawMode":0,"name":"Shaded","section":"Shading Mode"},"sceneLighting":false,"audioPlay":false,"sceneViewState":{"showFog":false,"showMaterialUpdate":false,"showSkybox":false,"showFlares":false,"showImageEffects":false,"showParticleSystems":false},"in2DMode":false,"pivot":{"x":-1.699448585510254,"y":4.539410591125488,"z":0.5413060188293457},"rotation":{"x":-0.3070675730705261,"y":0.43038493394851687,"z":-0.15851575136184693,"w":-0.8339940905570984},"size":14.58895492553711,"orthographic":false}