{"cameraMode":{"drawMode":0,"name":"Shaded","section":"Shading Mode"},"sceneLighting":false,"audioPlay":false,"sceneViewState":{"showFog":false,"showMaterialUpdate":false,"showSkybox":false,"showFlares":false,"showImageEffects":false,"showParticleSystems":false},"in2DMode":false,"pivot":{"x":-2.999962329864502,"y":2.1378464698791506,"z":8.216730117797852},"rotation":{"x":0.05842210352420807,"y":0.039225656539201739,"z":-0.0022954149171710016,"w":0.9975318908691406},"size":14.2210054397583,"orthographic":false}