{"cameraMode":{"drawMode":0,"name":"Shaded","section":"Shading Mode"},"sceneLighting":false,"audioPlay":false,"sceneViewState":{"showFog":false,"showMaterialUpdate":false,"showSkybox":false,"showFlares":false,"showImageEffects":false,"showParticleSystems":false},"in2DMode":false,"pivot":{"x":0.1562258005142212,"y":0.3144056797027588,"z":0.7904844284057617},"rotation":{"x":-0.29557424783706667,"y":0.1653963178396225,"z":-0.05212133005261421,"w":-0.9395292401313782},"size":4.576970100402832,"orthographic":false}