{"cameraMode":{"drawMode":0,"name":"Shaded","section":"Shading Mode"},"sceneLighting":false,"audioPlay":false,"sceneViewState":{"showFog":false,"showMaterialUpdate":false,"showSkybox":false,"showFlares":false,"showImageEffects":false,"showParticleSystems":false},"in2DMode":false,"pivot":{"x":1.4972457885742188,"y":49.07841491699219,"z":-0.26903629302978518},"rotation":{"x":-0.3443320393562317,"y":0.4658200144767761,"z":-0.20318503677845,"w":-0.789409875869751},"size":1.8452343940734864,"orthographic":false}