{"cameraMode":{"drawMode":0,"name":"Shaded","section":"Shading Mode"},"sceneLighting":true,"audioPlay":false,"sceneViewState":{"showFog":false,"showMaterialUpdate":false,"showSkybox":false,"showFlares":false,"showImageEffects":false,"showParticleSystems":false},"in2DMode":false,"pivot":{"x":-1.4364547729492188,"y":22.612363815307618,"z":0.826995849609375},"rotation":{"x":-0.14331811666488648,"y":-0.7755267024040222,"z":0.19005049765110017,"w":-0.5849278569221497},"size":19.98618507385254,"orthographic":false}