{"cameraMode":{"drawMode":0,"name":"Shaded","section":"Shading Mode"},"sceneLighting":true,"audioPlay":false,"sceneViewState":{"showFog":false,"showMaterialUpdate":false,"showSkybox":false,"showFlares":false,"showImageEffects":false,"showParticleSystems":false},"in2DMode":false,"pivot":{"x":-1.5457687377929688,"y":16.543498992919923,"z":-0.13433074951171876},"rotation":{"x":0.07680769264698029,"y":0.9165993928909302,"z":-0.21413226425647736,"w":0.32877811789512637},"size":20.41500473022461,"orthographic":false}