{"cameraMode":{"drawMode":0,"name":"Shaded","section":"Shading Mode"},"sceneLighting":true,"audioPlay":false,"sceneViewState":{"showFog":false,"showMaterialUpdate":false,"showSkybox":false,"showFlares":false,"showImageEffects":false,"showParticleSystems":false},"in2DMode":false,"pivot":{"x":-3.1384706497192385,"y":22.43488311767578,"z":-3.302208662033081},"rotation":{"x":-0.05485798045992851,"y":0.9285068511962891,"z":-0.1520235538482666,"w":-0.3342984616756439},"size":14.40312671661377,"orthographic":false}