{"cameraMode":{"drawMode":0,"name":"Shaded","section":"Shading Mode"},"sceneLighting":true,"audioPlay":false,"sceneViewState":{"showFog":false,"showMaterialUpdate":false,"showSkybox":false,"showFlares":false,"showImageEffects":false,"showParticleSystems":false},"in2DMode":false,"pivot":{"x":4.8671875,"y":14.653282165527344,"z":-1.2070974111557007},"rotation":{"x":0.07238388806581497,"y":0.8599811792373657,"z":-0.1273358166217804,"w":0.48885631561279299},"size":27.040754318237306,"orthographic":false}