{"cameraMode":{"drawMode":0,"name":"Shaded","section":"Shading Mode"},"sceneLighting":true,"audioPlay":false,"sceneViewState":{"showFog":false,"showMaterialUpdate":false,"showSkybox":false,"showFlares":false,"showImageEffects":false,"showParticleSystems":false},"in2DMode":false,"pivot":{"x":-2.9916539192199709,"y":4.646797180175781,"z":1.0832412242889405},"rotation":{"x":-0.09097811579704285,"y":0.8873644471168518,"z":-0.1988978087902069,"w":-0.40589049458503725},"size":35.63150405883789,"orthographic":false}