{"cameraMode":{"drawMode":0,"name":"Shaded","section":"Shading Mode"},"sceneLighting":false,"audioPlay":false,"sceneViewState":{"showFog":false,"showMaterialUpdate":false,"showSkybox":false,"showFlares":false,"showImageEffects":false,"showParticleSystems":false},"in2DMode":false,"pivot":{"x":-0.06109285354614258,"y":8.499515533447266,"z":4.789628982543945},"rotation":{"x":-0.20717114210128785,"y":0.10862688720226288,"z":-0.023153135553002359,"w":-0.9719827175140381},"size":20.209556579589845,"orthographic":false}