{"cameraMode":{"drawMode":0,"name":"Shaded","section":"Shading Mode"},"sceneLighting":false,"audioPlay":false,"sceneViewState":{"showFog":false,"showMaterialUpdate":false,"showSkybox":false,"showFlares":false,"showImageEffects":false,"showParticleSystems":false},"in2DMode":false,"pivot":{"x":0.0,"y":4.499101638793945,"z":-2.384185791015625e-7},"rotation":{"x":-0.3043568432331085,"y":0.020864075049757959,"z":-0.006718979217112064,"w":-0.9524115324020386},"size":11.806476593017579,"orthographic":false}