{"cameraMode":{"drawMode":0,"name":"Shaded","section":"Shading Mode"},"sceneLighting":true,"audioPlay":false,"sceneViewState":{"showFog":false,"showMaterialUpdate":false,"showSkybox":false,"showFlares":false,"showImageEffects":false,"showParticleSystems":false},"in2DMode":false,"pivot":{"x":1.722681999206543,"y":13.478514671325684,"z":-0.7867956161499023},"rotation":{"x":-0.033009838312864307,"y":-0.7311121821403503,"z":0.0352545902132988,"w":-0.6807060241699219},"size":21.11039924621582,"orthographic":false}