{"cameraMode":{"drawMode":0,"name":"Shaded","section":"Shading Mode"},"sceneLighting":true,"audioPlay":false,"sceneViewState":{"showFog":false,"showMaterialUpdate":false,"showSkybox":false,"showFlares":false,"showImageEffects":false,"showParticleSystems":false},"in2DMode":false,"pivot":{"x":0.8411827087402344,"y":26.1096134185791,"z":2.160722017288208},"rotation":{"x":-0.11530545353889466,"y":-0.6310341954231262,"z":0.09556900709867478,"w":-0.7613208889961243},"size":16.62430191040039,"orthographic":false}