{"cameraMode":{"drawMode":0,"name":"Shaded","section":"Shading Mode"},"sceneLighting":true,"audioPlay":false,"sceneViewState":{"showFog":false,"showMaterialUpdate":false,"showSkybox":false,"showFlares":false,"showImageEffects":false,"showParticleSystems":false},"in2DMode":false,"pivot":{"x":-0.9027003049850464,"y":8.027839660644532,"z":0.5493344664573669},"rotation":{"x":0.37274810671806338,"y":-0.35624682903289797,"z":0.1578667163848877,"w":0.8422886729240418},"size":10.271407127380371,"orthographic":false}