{"cameraMode":{"drawMode":0,"name":"Shaded","section":"Shading Mode"},"sceneLighting":false,"audioPlay":false,"sceneViewState":{"showFog":false,"showMaterialUpdate":false,"showSkybox":false,"showFlares":false,"showImageEffects":false,"showParticleSystems":false},"in2DMode":false,"pivot":{"x":0.11068674921989441,"y":3.170861005783081,"z":-0.3793465197086334},"rotation":{"x":-0.11773622035980225,"y":0.7013639807701111,"z":-0.11918390542268753,"w":-0.6929702758789063},"size":8.235703468322754,"orthographic":false}