{"cameraMode":{"drawMode":0,"name":"Shaded","section":"Shading Mode"},"sceneLighting":false,"audioPlay":false,"sceneViewState":{"showFog":false,"showMaterialUpdate":false,"showSkybox":false,"showFlares":false,"showImageEffects":false,"showParticleSystems":false},"in2DMode":false,"pivot":{"x":-2.1579227447509767,"y":21.962064743041993,"z":6.93284797668457},"rotation":{"x":-0.3243149220943451,"y":-0.01756025105714798,"z":0.006098899524658918,"w":-0.9458857178688049},"size":31.622455596923829,"orthographic":false}