{"cameraMode":{"drawMode":0,"name":"Shaded","section":"Shading Mode"},"sceneLighting":true,"audioPlay":false,"sceneViewState":{"showFog":false,"showMaterialUpdate":false,"showSkybox":false,"showFlares":false,"showImageEffects":false,"showParticleSystems":false},"in2DMode":false,"pivot":{"x":0.0,"y":12.15000057220459,"z":0.10000014305114746},"rotation":{"x":-0.18490540981292725,"y":-0.45477747917175295,"z":0.09695886075496674,"w":-0.8659095168113709},"size":44.179656982421878,"orthographic":false}