{"cameraMode":{"drawMode":0,"name":"Shaded","section":"Shading Mode"},"sceneLighting":true,"audioPlay":false,"sceneViewState":{"showFog":false,"showMaterialUpdate":false,"showSkybox":false,"showFlares":false,"showImageEffects":false,"showParticleSystems":false},"in2DMode":false,"pivot":{"x":83.82306671142578,"y":73.3978042602539,"z":817.3515014648438},"rotation":{"x":-0.3326255679130554,"y":-0.3290367126464844,"z":0.1251373589038849,"w":-0.874943733215332},"size":40.29349136352539,"orthographic":false}