{"cameraMode":{"drawMode":0,"name":"Shaded","section":"Shading Mode"},"sceneLighting":false,"audioPlay":false,"sceneViewState":{"showFog":false,"showMaterialUpdate":false,"showSkybox":false,"showFlares":false,"showImageEffects":false,"showParticleSystems":false},"in2DMode":false,"pivot":{"x":-0.592026948928833,"y":4.907024383544922,"z":1.044900894165039},"rotation":{"x":-0.23914207518100739,"y":-0.15849757194519044,"z":0.03957464173436165,"w":-0.9572442770004273},"size":9.33388614654541,"orthographic":false}