{"cameraMode":{"drawMode":0,"name":"Shaded","section":"Shading Mode"},"sceneLighting":false,"audioPlay":false,"sceneViewState":{"showFog":false,"showMaterialUpdate":false,"showSkybox":false,"showFlares":false,"showImageEffects":false,"showParticleSystems":false},"in2DMode":false,"pivot":{"x":-1.7972698211669922,"y":2.435877799987793,"z":-0.702749490737915},"rotation":{"x":-0.21828657388687135,"y":0.6184379458427429,"z":-0.18447402119636537,"w":-0.7321502566337586},"size":19.078800201416017,"orthographic":false}