{"cameraMode":{"drawMode":0,"name":"Shaded","section":"Shading Mode"},"sceneLighting":false,"audioPlay":false,"sceneViewState":{"showFog":false,"showMaterialUpdate":false,"showSkybox":false,"showFlares":false,"showImageEffects":false,"showParticleSystems":false},"in2DMode":false,"pivot":{"x":14.568448066711426,"y":-25.849849700927736,"z":404.7900695800781},"rotation":{"x":-0.053556088358163837,"y":0.7495558857917786,"z":-0.061065107583999637,"w":-0.6570103764533997},"size":133.08790588378907,"orthographic":false}