{"cameraMode":{"drawMode":0,"name":"Shaded","section":"Shading Mode"},"sceneLighting":true,"audioPlay":false,"sceneViewState":{"showFog":false,"showMaterialUpdate":false,"showSkybox":false,"showFlares":false,"showImageEffects":false,"showParticleSystems":false},"in2DMode":false,"pivot":{"x":-8.71562385559082,"y":3.1003894805908205,"z":10.739873886108399},"rotation":{"x":-0.22688132524490357,"y":0.6007339358329773,"z":-0.18309004604816438,"w":-0.7445269823074341},"size":36.563079833984378,"orthographic":false}