{"cameraMode":{"drawMode":0,"name":"Shaded","section":"Shading Mode"},"sceneLighting":true,"audioPlay":false,"sceneViewState":{"showFog":false,"showMaterialUpdate":false,"showSkybox":false,"showFlares":false,"showImageEffects":false,"showParticleSystems":false},"in2DMode":false,"pivot":{"x":-177.4759521484375,"y":69.57742309570313,"z":-12.003612518310547},"rotation":{"x":-0.009419256821274758,"y":-0.9905862808227539,"z":0.09838877618312836,"w":-0.09479092061519623},"size":7.979369640350342,"orthographic":false}