{"cameraMode":{"drawMode":0,"name":"Shaded","section":"Shading Mode"},"sceneLighting":true,"audioPlay":false,"sceneViewState":{"showFog":false,"showMaterialUpdate":false,"showSkybox":false,"showFlares":false,"showImageEffects":false,"showParticleSystems":false},"in2DMode":false,"pivot":{"x":-1.5457687377929688,"y":16.543498992919923,"z":-0.13433074951171876},"rotation":{"x":0.03417500481009483,"y":0.9546924233436585,"z":-0.12093150615692139,"w":0.2697761356830597},"size":14.522789001464844,"orthographic":false}