{"cameraMode":{"drawMode":0,"name":"Shaded","section":"Shading Mode"},"sceneLighting":false,"audioPlay":false,"sceneViewState":{"showFog":false,"showMaterialUpdate":false,"showSkybox":false,"showFlares":false,"showImageEffects":false,"showParticleSystems":false},"in2DMode":false,"pivot":{"x":-3.3735742568969728,"y":10.68942642211914,"z":1.7454795837402344},"rotation":{"x":-0.1407284289598465,"y":0.04248328134417534,"z":-0.005991476122289896,"w":-0.9892348647117615},"size":49.89985656738281,"orthographic":false}