{"cameraMode":{"drawMode":0,"name":"Shaded","section":"Shading Mode"},"sceneLighting":false,"audioPlay":false,"sceneViewState":{"showFog":false,"showMaterialUpdate":false,"showSkybox":false,"showFlares":false,"showImageEffects":false,"showParticleSystems":false},"in2DMode":false,"pivot":{"x":-2.355226755142212,"y":9.136178016662598,"z":8.160989761352539},"rotation":{"x":-0.35943734645843508,"y":0.16447678208351136,"z":-0.06450434774160385,"w":-0.916340172290802},"size":17.334775924682618,"orthographic":false}