{"cameraMode":{"drawMode":0,"name":"Shaded","section":"Shading Mode"},"sceneLighting":true,"audioPlay":false,"sceneViewState":{"showFog":false,"showMaterialUpdate":false,"showSkybox":false,"showFlares":false,"showImageEffects":false,"showParticleSystems":false},"in2DMode":false,"pivot":{"x":-664.5994873046875,"y":450.08343505859377,"z":18059.3515625},"rotation":{"x":-0.15986858308315278,"y":-0.8311244249343872,"z":0.3031696081161499,"w":-0.4380403757095337},"size":23.385892868041993,"orthographic":false}