{"cameraMode":{"drawMode":0,"name":"Shaded","section":"Shading Mode"},"sceneLighting":true,"audioPlay":false,"sceneViewState":{"showFog":false,"showMaterialUpdate":false,"showSkybox":false,"showFlares":false,"showImageEffects":false,"showParticleSystems":false},"in2DMode":false,"pivot":{"x":-5.161591053009033,"y":25.46706771850586,"z":-11.433972358703614},"rotation":{"x":-0.09097811579704285,"y":0.8873644471168518,"z":-0.1988978087902069,"w":-0.40589049458503725},"size":33.95918273925781,"orthographic":false}