{"cameraMode":{"drawMode":0,"name":"Shaded","section":"Shading Mode"},"sceneLighting":false,"audioPlay":false,"sceneViewState":{"showFog":false,"showMaterialUpdate":false,"showSkybox":false,"showFlares":false,"showImageEffects":false,"showParticleSystems":false},"in2DMode":false,"pivot":{"x":0.5060105323791504,"y":24.569705963134767,"z":-1.8513374328613282},"rotation":{"x":-0.017854558303952218,"y":-0.9809170961380005,"z":0.16062554717063905,"w":-0.10904587805271149},"size":39.13869857788086,"orthographic":false}