{"cameraMode":{"drawMode":0,"name":"Shaded","section":"Shading Mode"},"sceneLighting":false,"audioPlay":false,"sceneViewState":{"showFog":false,"showMaterialUpdate":false,"showSkybox":false,"showFlares":false,"showImageEffects":false,"showParticleSystems":false},"in2DMode":false,"pivot":{"x":-0.06109285354614258,"y":8.499515533447266,"z":4.789628982543945},"rotation":{"x":-0.21693503856658936,"y":0.12436328828334809,"z":-0.02787543274462223,"w":-0.9678342938423157},"size":20.209556579589845,"orthographic":false}