{"cameraMode":{"drawMode":0,"name":"Shaded","section":"Shading Mode"},"sceneLighting":false,"audioPlay":false,"sceneViewState":{"showFog":false,"showMaterialUpdate":false,"showSkybox":false,"showFlares":false,"showImageEffects":false,"showParticleSystems":false},"in2DMode":false,"pivot":{"x":-10.053027153015137,"y":10.602334976196289,"z":53.63368225097656},"rotation":{"x":-0.30149421095848086,"y":0.01916377991437912,"z":-0.006053255870938301,"w":-0.9533030986785889},"size":114.94859313964844,"orthographic":false}