{"cameraMode":{"drawMode":0,"name":"Shaded","section":"Shading Mode"},"sceneLighting":false,"audioPlay":false,"sceneViewState":{"showFog":false,"showMaterialUpdate":false,"showSkybox":false,"showFlares":false,"showImageEffects":false,"showParticleSystems":false},"in2DMode":false,"pivot":{"x":1.7569301128387452,"y":-1.0403404235839844,"z":0.06912469118833542},"rotation":{"x":0.1986999213695526,"y":-0.3371451795101166,"z":0.073068767786026,"w":0.9174089431762695},"size":51.7259635925293,"orthographic":false}