{"cameraMode":{"drawMode":0,"name":"Shaded","section":"Shading Mode"},"sceneLighting":false,"audioPlay":false,"sceneViewState":{"showFog":false,"showMaterialUpdate":false,"showSkybox":false,"showFlares":false,"showImageEffects":false,"showParticleSystems":false},"in2DMode":false,"pivot":{"x":4.17656135559082,"y":11.143628120422364,"z":0.7514028549194336},"rotation":{"x":-0.1093524694442749,"y":-0.8225812911987305,"z":0.1691528558731079,"w":-0.5317795872688294},"size":32.484375,"orthographic":false}