{"cameraMode":{"drawMode":0,"name":"Shaded","section":"Shading Mode"},"sceneLighting":false,"audioPlay":false,"sceneViewState":{"showFog":false,"showMaterialUpdate":false,"showSkybox":false,"showFlares":false,"showImageEffects":false,"showParticleSystems":false},"in2DMode":false,"pivot":{"x":0.4137990474700928,"y":7.2918853759765629,"z":51.18790054321289},"rotation":{"x":-0.3058173954486847,"y":0.011999375186860562,"z":-0.003835962386801839,"w":-0.9520516991615295},"size":102.38333129882813,"orthographic":false}