{"cameraMode":{"drawMode":0,"name":"Shaded","section":"Shading Mode"},"sceneLighting":true,"audioPlay":false,"sceneViewState":{"showFog":false,"showMaterialUpdate":false,"showSkybox":false,"showFlares":false,"showImageEffects":false,"showParticleSystems":false},"in2DMode":false,"pivot":{"x":-20.192401885986329,"y":10.658228874206543,"z":2090.80615234375},"rotation":{"x":-0.03030114807188511,"y":0.018908437341451646,"z":-0.0005969310295768082,"w":-0.9994531273841858},"size":54.40673828125,"orthographic":false}