{"cameraMode":{"drawMode":0,"name":"Shaded","section":"Shading Mode"},"sceneLighting":false,"audioPlay":false,"sceneViewState":{"showFog":false,"showMaterialUpdate":false,"showSkybox":false,"showFlares":false,"showImageEffects":false,"showParticleSystems":false},"in2DMode":false,"pivot":{"x":-0.5359578132629395,"y":5.143069267272949,"z":0.11693286895751953},"rotation":{"x":0.02189948596060276,"y":0.9730774760246277,"z":-0.10433231294155121,"w":0.2043415606021881},"size":5.842345237731934,"orthographic":false}